split_seed,train_seed,task,shots,support_resample,episode_hash,primary_oracle,top1_expert,top2_expert,top1_top2_accuracy_margin,exact_accuracy_tie,epsilon_accuracy,epsilon_optimal_size,epsilon_optimal_experts
6,2,breastmnist,1,0,0b75c004793dd7144baf61b93876dba5881cb1c8b4594eb30841ab79d8a7a317,source_pneumoniamnist,source_pneumoniamnist,source_bloodmnist,0.0,True,0.01,3,shared|source_bloodmnist|source_pneumoniamnist
6,2,breastmnist,1,1,56c51dc99a72d8e804816cd42d411ec5cde7696aa35a137e13a2b8509446b1c3,source_tissuemnist,source_tissuemnist,source_bloodmnist,0.025000035762786865,False,0.01,1,source_tissuemnist
6,2,breastmnist,1,2,f4c17afe8a3871cea72167603e91ae1922034e8c89f71ce158830e9a68c1f3f4,source_bloodmnist,source_bloodmnist,source_organmnist,0.02499997615814209,False,0.01,1,source_bloodmnist
6,2,breastmnist,1,3,35f8e0671f2d358787422af00f342cecc9da8c8809f5e05e82e72eebeb8cf530,source_bloodmnist,source_bloodmnist,source_pneumoniamnist,0.050000011920928955,False,0.01,1,source_bloodmnist
6,2,breastmnist,1,4,35fdf71951f8ed20d5d1a2285d030773ec9e75ba42671752e40eeb9bd6ae5ef9,source_pathmnist,source_pathmnist,source_organmnist,0.0,True,0.01,2,source_organmnist|source_pathmnist
6,2,breastmnist,1,5,a2a484c5fc7a716efe2c2596e2bcc6ff7a01492c9fcf346c5b897d651014b527,shared,shared,source_pathmnist,0.02499997615814209,False,0.01,1,shared
6,2,breastmnist,1,6,d794be75887f2862b4254ef6b2c9d75cb5312cc8dae2371f10af300db284220b,source_organmnist,source_organmnist,source_tissuemnist,0.02499997615814209,False,0.01,1,source_organmnist
6,2,breastmnist,1,7,9d2d641be9f134c0789a1c33a2407f325d838ef36fe191ce63ad74b1354be93c,source_pneumoniamnist,source_pneumoniamnist,source_organmnist,0.0,True,0.01,3,shared|source_organmnist|source_pneumoniamnist
6,2,breastmnist,1,8,db78f15b4de22546ca4f5654765dcb03bc7ea4d3db3a0abc8a782bfc6f87b25a,source_pathmnist,source_pathmnist,source_tissuemnist,0.050000011920928955,False,0.01,1,source_pathmnist
6,2,breastmnist,1,9,77115e9eab5514e41f730299eac2fc9677f7a2ea98ceccd975142f2311132dd8,shared,shared,source_tissuemnist,0.02499997615814209,False,0.01,1,shared
6,2,breastmnist,5,0,1b50d059664b685f82e5a6562e94f248ce2ce43807ca9be87d11727e27ac02b2,source_pathmnist,source_pathmnist,source_bloodmnist,0.0,True,0.01,2,source_bloodmnist|source_pathmnist
6,2,breastmnist,5,1,5e1be07652457e9bc5ad86eee85c57edd610bce4aa29f3b7542f785547203e3b,source_tissuemnist,source_tissuemnist,source_organmnist,0.050000011920928955,False,0.01,1,source_tissuemnist
6,2,breastmnist,5,2,b958339a8daff97d5832f2141678bc681bfc11fb09ba93e97a5b6720869d75ff,shared,shared,source_pneumoniamnist,0.025000035762786865,False,0.01,1,shared
6,2,breastmnist,5,3,6f0b19bef99e66d3ce8a8050893c75d65a6fbe0e84f48c93ab4adc7470b3f631,source_tissuemnist,source_tissuemnist,shared,0.02499997615814209,False,0.01,1,source_tissuemnist
6,2,breastmnist,5,4,890534e9345a873a60609f9f65cf460f84d32bcb693a453d0c877a92911ad9dd,source_pathmnist,source_pathmnist,source_organmnist,0.0,True,0.01,3,shared|source_organmnist|source_pathmnist
6,2,breastmnist,5,5,23a6f43bafd88fb22846364ffbb155c4e20864d8c54ed77eac97c937739035d1,source_bloodmnist,source_bloodmnist,source_organmnist,0.0,True,0.01,2,source_bloodmnist|source_organmnist
6,2,breastmnist,5,6,a7e840ef019502881f93e0b23c871b7d4fdf9faebfefbf1c1f5d86b1f24d866b,source_bloodmnist,source_bloodmnist,source_organmnist,0.0,True,0.01,3,source_bloodmnist|source_organmnist|source_pathmnist
6,2,breastmnist,5,7,a31add07718406877c9ec4f161770aeb4eb127dd0859eb001abab867fa683194,source_pathmnist,source_pathmnist,source_tissuemnist,0.02499997615814209,False,0.01,1,source_pathmnist
6,2,breastmnist,5,8,06ceada4e623fda6bfba177ed9fa76a1aca875ac8afdf4c8e2a7191589c529a4,source_tissuemnist,source_tissuemnist,source_bloodmnist,0.0,True,0.01,3,shared|source_bloodmnist|source_tissuemnist
6,2,breastmnist,5,9,e9f21f6b2cda1b0fcc051ecd658150bdffb5e724492f65c9e558ec7b81a9310d,source_tissuemnist,source_tissuemnist,shared,0.0,True,0.01,2,shared|source_tissuemnist
6,2,breastmnist,16,0,29320a1aac0d4ce7a808c47121e8c66775c03ad571be0f09ea9bf4fbae989393,source_pathmnist,source_pathmnist,source_tissuemnist,0.02499997615814209,False,0.01,1,source_pathmnist
6,2,breastmnist,16,1,f0198c0b74407f1cd967403bb5a88795d6f7b77a3730d61518f6bafd41eab390,source_organmnist,source_organmnist,source_pneumoniamnist,0.025000035762786865,False,0.01,1,source_organmnist
6,2,breastmnist,16,2,729f0a787c5e14695323ccfd01c7738f5446866f1a6f8bf33a1e0659eac86b1c,source_tissuemnist,source_tissuemnist,shared,0.02499997615814209,False,0.01,1,source_tissuemnist
6,2,breastmnist,16,3,aaa80a9abfbc85d247e521a59ca14f249d481b37f7e6352f83cbd7623319651d,source_bloodmnist,source_bloodmnist,source_tissuemnist,0.0,True,0.01,3,source_bloodmnist|source_pneumoniamnist|source_tissuemnist
6,2,breastmnist,16,4,9687845e541244acd2898b631cbaabf7c72cd5f39a35eaa4efa9ea610977a3b2,source_organmnist,source_organmnist,source_tissuemnist,0.0,True,0.01,2,source_organmnist|source_tissuemnist
6,2,breastmnist,16,5,e51b55c8c2ccfc1cebd15dbc10dbf35f5cb3323eb4dea243395314232d96c680,source_bloodmnist,source_bloodmnist,source_organmnist,0.02499997615814209,False,0.01,1,source_bloodmnist
6,2,breastmnist,16,6,1a3f52b28253f07080ba56000d07b6ba20c261dfe1a0c2da1863143abbf1b469,source_pathmnist,source_pathmnist,source_bloodmnist,0.0,True,0.01,2,source_bloodmnist|source_pathmnist
6,2,breastmnist,16,7,08da0e222d4f9e5388a34a8bdda3d56a54b4afdda73e707aa1565efecfee9efc,source_tissuemnist,source_tissuemnist,source_organmnist,0.050000011920928955,False,0.01,1,source_tissuemnist
6,2,breastmnist,16,8,9cb18eb5f11b0555522a670e7aed606b52b31d1697fc7e4160480c1c0163d431,source_tissuemnist,source_tissuemnist,shared,0.02499997615814209,False,0.01,1,source_tissuemnist
6,2,breastmnist,16,9,710a4772e1e1b45f896e2c6f0b6eb0d650640e100bb74e71d8728cb8a0b68b61,source_bloodmnist,source_bloodmnist,source_tissuemnist,0.0,True,0.01,2,source_bloodmnist|source_tissuemnist
6,2,octmnist,1,0,d2237776a450d491884e34edc153c149d70afb7dbafbfc176eb742910d87c470,source_bloodmnist,source_bloodmnist,source_pneumoniamnist,0.0,True,0.01,2,source_bloodmnist|source_pneumoniamnist
6,2,octmnist,1,1,b080fac0d07055ac77ff3c80360053a17e574df0e6fa68b27a99474e76edf8cc,shared,shared,source_organmnist,0.04999998211860657,False,0.01,1,shared
6,2,octmnist,1,2,4d30daead4b50293f34326550d2d5bb811e9851e986c848bf44ae68354cbf33a,shared,shared,source_organmnist,0.0,True,0.01,2,shared|source_organmnist
6,2,octmnist,1,3,285a8ca464b60f307bc21f0e003e14cbff4110b15428b461be611373549492fd,source_bloodmnist,source_bloodmnist,source_tissuemnist,0.012499988079071045,False,0.01,1,source_bloodmnist
6,2,octmnist,1,4,23605257cf8e45ae0edae1a7105957ca3d664fe3213ab4c1626d7d3621571816,source_organmnist,source_organmnist,source_tissuemnist,0.03750002384185791,False,0.01,1,source_organmnist
6,2,octmnist,1,5,7acc6670a883f788c02fc3bbd0e20578b14ddb0c9cd9bb1f5c1f8871728144f0,source_pathmnist,source_pathmnist,source_bloodmnist,0.025000005960464478,False,0.01,1,source_pathmnist
6,2,octmnist,1,6,a446fc6a14b54c2aab1ab6c5a7a2d6d9cc1be103faddf6f140f24584255abf11,shared,shared,source_tissuemnist,0.025000005960464478,False,0.01,1,shared
6,2,octmnist,1,7,e73ec67187f7733f70db9338fbeadbafea7bdf86689cf4603f6adb34b18e93f2,source_tissuemnist,source_tissuemnist,shared,0.012499988079071045,False,0.01,1,source_tissuemnist
6,2,octmnist,1,8,f111957fe9001e80961c8d33d3a1476b2c928b0e387b59538441b7230ba2a0a6,source_tissuemnist,source_tissuemnist,source_pneumoniamnist,0.03749999403953552,False,0.01,1,source_tissuemnist
6,2,octmnist,1,9,af75445cacfaa48c694d55b6367e6dd184d7a8bc80b25bf2e57532d3c17b4a28,source_bloodmnist,source_bloodmnist,source_pathmnist,0.0,True,0.01,2,source_bloodmnist|source_pathmnist
6,2,octmnist,5,0,198cc01effe971515d818c853f073a74bef1f7aecdaa62921c48c4940e1c02e2,source_tissuemnist,source_tissuemnist,source_pneumoniamnist,0.03750002384185791,False,0.01,1,source_tissuemnist
6,2,octmnist,5,1,65c70143a2b8607120ef25feb9b4f8d1a3135d9577f1bf174b4140b3eb589ec4,source_tissuemnist,source_tissuemnist,source_pathmnist,0.025000005960464478,False,0.01,1,source_tissuemnist
6,2,octmnist,5,2,57228c5431b6a049154642086bba247609fe2ad1d70613468d475ef4738ade6f,source_pneumoniamnist,source_pneumoniamnist,source_tissuemnist,0.012499988079071045,False,0.01,1,source_pneumoniamnist
6,2,octmnist,5,3,3016202a07eac67c5b346f55c0874cc476dbc7ba0ff2c916253c6bcf17530a24,source_bloodmnist,source_bloodmnist,source_pathmnist,0.0,True,0.01,2,source_bloodmnist|source_pathmnist
6,2,octmnist,5,4,60cc50226de2636f109d24ac619117e67bc5e464d2d89efcbc046d7ffce94e16,source_bloodmnist,source_bloodmnist,source_tissuemnist,0.02499997615814209,False,0.01,1,source_bloodmnist
6,2,octmnist,5,5,2a5d562def421b5207f205a6ac7a4c35bdd731216cd3e918fe6697dd1dec7ebc,shared,shared,source_pathmnist,0.012499988079071045,False,0.01,1,shared
6,2,octmnist,5,6,622222ff4be1c5a55aebbaaa3eccb3a2306f8a2adbfda96e096b76f365bdd554,source_bloodmnist,source_bloodmnist,source_pneumoniamnist,0.012500017881393433,False,0.01,1,source_bloodmnist
6,2,octmnist,5,7,cb834401f863228e3f182a2b4824ba0e89ea858a2daf8184d0b1a6b089a5cdd1,source_bloodmnist,source_bloodmnist,source_pneumoniamnist,0.050000011920928955,False,0.01,1,source_bloodmnist
6,2,octmnist,5,8,a2193afcc7f3cd9c36b3f2d00743b4f3e8755ad29afd93a55878aa0b08729574,source_organmnist,source_organmnist,source_tissuemnist,0.012499988079071045,False,0.01,1,source_organmnist
6,2,octmnist,5,9,5ac33f0029ec04c0fb10d113199f41e85430602ab81865af813fb4984b475d81,source_tissuemnist,source_tissuemnist,source_bloodmnist,0.012499988079071045,False,0.01,1,source_tissuemnist
6,2,octmnist,16,0,9eb3ae37fb10b6d111de38f2aac0b7d82ab1c7eeeae4aafdbbe45c1f6d396383,source_bloodmnist,source_bloodmnist,source_pneumoniamnist,0.012499988079071045,False,0.01,1,source_bloodmnist
6,2,octmnist,16,1,7418205aa8b091e857673f494c9952da4361fc0550c06cdbdd6a0cc5bd6dea2c,source_pathmnist,source_pathmnist,source_pneumoniamnist,0.0,True,0.01,2,source_pathmnist|source_pneumoniamnist
6,2,octmnist,16,2,76b79ee5b0edfc95fc593a0d35e0afbe66442461418589241942adc34e103082,source_tissuemnist,source_tissuemnist,shared,0.012500017881393433,False,0.01,1,source_tissuemnist
6,2,octmnist,16,3,8bdec08be78bf3aa1153b53d69d91aa1c19e98eebf9f88635cd6211d591167c4,source_tissuemnist,source_tissuemnist,source_bloodmnist,0.012499988079071045,False,0.01,1,source_tissuemnist
6,2,octmnist,16,4,90cc8ffacc8c3f4b962873d6989cc1c8bdba7b94deba51618bc2a9c15d2b6dda,source_pathmnist,source_pathmnist,source_bloodmnist,0.01250004768371582,False,0.01,1,source_pathmnist
6,2,octmnist,16,5,02ef81d0377fa54580258339c0ac2ae6bf339c7d1e165b8d111007bb58a40de8,source_pathmnist,source_pathmnist,shared,0.012499988079071045,False,0.01,1,source_pathmnist
6,2,octmnist,16,6,e5f3426c18c2426bd830dd3904f5817c84105fb7420f0f366fb240492a9dc0f4,source_bloodmnist,source_bloodmnist,source_pneumoniamnist,0.0,True,0.01,2,source_bloodmnist|source_pneumoniamnist
6,2,octmnist,16,7,fa64a1b1705a8ef1d4dfad47c3ecc969c062ea3f6b94a860bbb84a99d582edaa,source_tissuemnist,source_tissuemnist,source_bloodmnist,0.0,True,0.01,4,shared|source_bloodmnist|source_organmnist|source_tissuemnist
6,2,octmnist,16,8,a549f3a1b69b7d55bab4a8f14617952cd064956244666c90284cebf1d6dc35a2,source_bloodmnist,source_bloodmnist,source_tissuemnist,0.0,True,0.01,2,source_bloodmnist|source_tissuemnist
6,2,octmnist,16,9,956be6eb79e913f91bfa69eea6343b4b16d1d732bbf4b870d71fdb6275b5147d,source_tissuemnist,source_tissuemnist,source_pneumoniamnist,0.07499998807907104,False,0.01,1,source_tissuemnist
6,3,breastmnist,1,0,adf2f8c88e00093ab0818c7013723c14a01f94d407d3b61c7913406e40a6a265,source_pneumoniamnist,source_pneumoniamnist,source_tissuemnist,0.07500001788139343,False,0.01,1,source_pneumoniamnist
6,3,breastmnist,1,1,de3b98a02efd30182607cbe1450ac545e1de315dbe8957178b81c4b27b3b5340,source_organmnist,source_organmnist,source_pathmnist,0.02499997615814209,False,0.01,1,source_organmnist
6,3,breastmnist,1,2,1061e8de8d6f4fe044b6656b2aeaca34cf3cdbbeb55a44cb3585f7c949d7a6e8,source_tissuemnist,source_tissuemnist,source_pneumoniamnist,0.0,True,0.01,3,source_organmnist|source_pneumoniamnist|source_tissuemnist
6,3,breastmnist,1,3,487f7385533d673096423254191b89f2ae4ed0de502993bc974bdbe9a9cd99d8,source_pneumoniamnist,source_pneumoniamnist,source_bloodmnist,0.0,True,0.01,2,source_bloodmnist|source_pneumoniamnist
6,3,breastmnist,1,4,3e1fcd26ba1398d6007f97bbfe2466ac03045848d69acca09c8ccd5a1ef2382c,source_bloodmnist,source_bloodmnist,source_tissuemnist,0.09999996423721313,False,0.01,1,source_bloodmnist
6,3,breastmnist,1,5,c7527c13f70db98ef7180900a69ed31343516fd03486ddafabab89a49022ac1f,source_tissuemnist,source_tissuemnist,source_bloodmnist,0.02499997615814209,False,0.01,1,source_tissuemnist
6,3,breastmnist,1,6,f4d7adbbd9e60190265dd1ad4235ab8cac9e9363c28d69bd33b811793471e48f,source_pneumoniamnist,source_pneumoniamnist,source_pathmnist,0.025000005960464478,False,0.01,1,source_pneumoniamnist
6,3,breastmnist,1,7,15a88f55d1e41f404d22f9b8d792ab9428ce4a6d193ebe11bfbf4d9fa48c03be,source_pathmnist,source_pathmnist,source_pneumoniamnist,0.02499997615814209,False,0.01,1,source_pathmnist
6,3,breastmnist,1,8,8fb6673d215a636a02f18edb6b34f64fede5c2e857045321a9ea8d0c79249ae8,source_pneumoniamnist,source_pneumoniamnist,source_tissuemnist,0.02499997615814209,False,0.01,1,source_pneumoniamnist
6,3,breastmnist,1,9,4cfa47b3de96e438bb450e49e2c91bc1d8c888419b31ec3942d6150eefcd37aa,source_bloodmnist,source_bloodmnist,source_tissuemnist,0.0,True,0.01,2,source_bloodmnist|source_tissuemnist
6,3,breastmnist,5,0,42e04d556e53cdf10af190967ebc52703b83d333ae36d78c00c099e58f28b68c,shared,shared,source_tissuemnist,0.0,True,0.01,2,shared|source_tissuemnist
6,3,breastmnist,5,1,6d78238cea2d1a8842f0d630cd444193ce9fa5956bbd6c5d9873480d193a35d8,shared,shared,source_pathmnist,0.02499997615814209,False,0.01,1,shared
6,3,breastmnist,5,2,1acbf3a5d76571f2eb7ee89c1a4ec7a49f912a93faf634c75403abc78f24bc49,source_organmnist,source_organmnist,shared,0.02499997615814209,False,0.01,1,source_organmnist
6,3,breastmnist,5,3,e00060f8c65ef7c348d73367600e195dc251a863b15465230d410743a343442a,source_tissuemnist,source_tissuemnist,source_bloodmnist,0.050000011920928955,False,0.01,1,source_tissuemnist
6,3,breastmnist,5,4,42088b405e15a5faf74e3ad3f89bebe4f4f548fff749b1e29bc9465dc65b0307,source_pathmnist,source_pathmnist,source_organmnist,0.02499997615814209,False,0.01,1,source_pathmnist
6,3,breastmnist,5,5,4939bfc1ce404d154d0f6a0d5d7abc9afb7e5fb77e6f06613f2b7d46f882808b,source_bloodmnist,source_bloodmnist,source_tissuemnist,0.050000011920928955,False,0.01,1,source_bloodmnist
6,3,breastmnist,5,6,abc05dd67a66dabbb478b34b67780ebe98d9b052156558c6c1ebd41a83305846,source_organmnist,source_organmnist,shared,0.0,True,0.01,5,shared|source_bloodmnist|source_organmnist|source_pathmnist|source_pneumoniamnist
6,3,breastmnist,5,7,fb534dac0ef384fbeab7b2d79e31aeb99191d7d2a2ca09e0e259476c20cb1bda,shared,shared,source_organmnist,0.02499997615814209,False,0.01,1,shared
6,3,breastmnist,5,8,5c60d6a5d0f68e49d4c166d0a9c3d7269ef061586c294d83e2bb50a8b4b26fba,source_bloodmnist,source_bloodmnist,source_organmnist,0.02499997615814209,False,0.01,1,source_bloodmnist
6,3,breastmnist,5,9,e366841a02411d6594c1ae08c42aaa0c901458ce06269c48746500bdd280d7f8,source_bloodmnist,source_bloodmnist,source_organmnist,0.02499997615814209,False,0.01,1,source_bloodmnist
6,3,breastmnist,16,0,5f646563dbc61462d4f6f302037aa2064c1991f297e743f40d4a38bfcc939060,source_tissuemnist,source_tissuemnist,source_bloodmnist,0.02499997615814209,False,0.01,1,source_tissuemnist
6,3,breastmnist,16,1,1e45079790ba130eb5e45cb2395eaf0ba857da1b7a5e098408b0f06a50d54e0f,source_pneumoniamnist,source_pneumoniamnist,source_tissuemnist,0.0,True,0.01,2,source_pneumoniamnist|source_tissuemnist
6,3,breastmnist,16,2,1497814034a1c3a59ff31d7cdaf145fd31c229aa970d7cf1a238168835956773,source_pneumoniamnist,source_pneumoniamnist,source_tissuemnist,0.0,True,0.01,2,source_pneumoniamnist|source_tissuemnist
6,3,breastmnist,16,3,235e3245fcb92b9c825055c1fca5f646b7e2969b5c946d47f55c00c0311cce3b,source_bloodmnist,source_bloodmnist,source_pathmnist,0.02499997615814209,False,0.01,1,source_bloodmnist
6,3,breastmnist,16,4,a5fb702c430f406403f194b21b59ce2f16508aa80e6aa09c7d4f563c4dff83a4,source_bloodmnist,source_bloodmnist,shared,0.050000011920928955,False,0.01,1,source_bloodmnist
6,3,breastmnist,16,5,26c27f44ed8623a035f9f685ee62c014a7c3d3192623f594120c021ebf4dc91a,source_tissuemnist,source_tissuemnist,source_organmnist,0.04999995231628418,False,0.01,1,source_tissuemnist
6,3,breastmnist,16,6,8c1d9a3d5d0250e4b395feb4b8b7f5a90cd5fddcda7eef59f6693a32666e3f0e,source_organmnist,source_organmnist,shared,0.02499997615814209,False,0.01,1,source_organmnist
6,3,breastmnist,16,7,6412b82a2d210e81b64fb8c941cd6b9ad0f6e394358aefda5181464601f39436,source_pathmnist,source_pathmnist,source_tissuemnist,0.025000035762786865,False,0.01,1,source_pathmnist
6,3,breastmnist,16,8,b9cdb2d22d2f7f464a7ac6e4c360123c2e4191700a08266a2329f9b25b795ec2,shared,shared,source_pneumoniamnist,0.02499997615814209,False,0.01,1,shared
6,3,breastmnist,16,9,80f9360ab9909ae66b0a024c9e2fd580b86fb1603f8ede375489c1708ea39a7c,source_bloodmnist,source_bloodmnist,source_tissuemnist,0.02499997615814209,False,0.01,1,source_bloodmnist
6,3,octmnist,1,0,648fe34257ed4d325083c9ceb63c9ef6c08d6e6aeb3673739dea19c859e43d9e,source_bloodmnist,source_bloodmnist,source_pneumoniamnist,0.0,True,0.01,2,source_bloodmnist|source_pneumoniamnist
6,3,octmnist,1,1,2a4da7b4bfa812e8b6157d0319f90338332218003de1d13b90b82740b5354911,source_organmnist,source_organmnist,source_bloodmnist,0.03749999403953552,False,0.01,1,source_organmnist
6,3,octmnist,1,2,52d97e2dbf826317d054091febbeda4a5f3abaf5df4dfb4d8c3cce1ed5ec3d6c,source_bloodmnist,source_bloodmnist,source_pneumoniamnist,0.0,True,0.01,2,source_bloodmnist|source_pneumoniamnist
6,3,octmnist,1,3,3c18ce277def642d709d05e235935b790ca64a61df4add37a627986552138ecc,source_tissuemnist,source_tissuemnist,source_pathmnist,0.0,True,0.01,2,source_pathmnist|source_tissuemnist
6,3,octmnist,1,4,00e48ef0073e5aa3c01934c0e5583eaa59c271d1b881fea2bdd4de2c612c3519,source_pneumoniamnist,source_pneumoniamnist,source_bloodmnist,0.0,True,0.01,2,source_bloodmnist|source_pneumoniamnist
6,3,octmnist,1,5,32ccd6922b2372c7edb2b57cd3df5bd912da134ae28de8d730c7cae7c44c8b64,source_organmnist,source_organmnist,shared,0.012499988079071045,False,0.01,1,source_organmnist
6,3,octmnist,1,6,6bdfcd39bec1d096eaa54167b9a91c6a697e4b8354a43c10c2889a867702f299,source_tissuemnist,source_tissuemnist,shared,0.012499988079071045,False,0.01,1,source_tissuemnist
6,3,octmnist,1,7,d749b3140c0543a54c9a790cf775112ff0645ac7ad4cefa5e4d09f9168e0a814,source_organmnist,source_organmnist,source_tissuemnist,0.02499997615814209,False,0.01,1,source_organmnist
6,3,octmnist,1,8,571fbcab9f27ca58bac575b3d2b61936f59331815285fce3b746c3fef85389b1,source_tissuemnist,source_tissuemnist,source_bloodmnist,0.03750002384185791,False,0.01,1,source_tissuemnist
6,3,octmnist,1,9,b239f7355b3c013aa8020e0772d707ee7081b49e887c7080fa82cffa38d573aa,source_bloodmnist,source_bloodmnist,source_pathmnist,0.0,True,0.01,2,source_bloodmnist|source_pathmnist
6,3,octmnist,5,0,738c9bb616ae0d45933325a2813ee11762e3924e265f18c520edd2c27bce3704,source_organmnist,source_organmnist,shared,0.050000011920928955,False,0.01,1,source_organmnist
6,3,octmnist,5,1,4586d859df8e214a1f4fb13b83c13a08f83b45a49e0f744cddb3980ffbef360e,source_tissuemnist,source_tissuemnist,source_pathmnist,0.012499988079071045,False,0.01,1,source_tissuemnist
6,3,octmnist,5,2,d25592388a83f76c9d5b6dd8abde5b28e2423f3208ff1f56c8d7be85cfb99baf,source_tissuemnist,source_tissuemnist,source_bloodmnist,0.01250004768371582,False,0.01,1,source_tissuemnist
6,3,octmnist,5,3,4736dbb23ea714a9dc6bc53cbfc0963c86567986f039ed84f0cf81b7bc9be019,source_tissuemnist,source_tissuemnist,shared,0.012499988079071045,False,0.01,1,source_tissuemnist
6,3,octmnist,5,4,5f59120e95db9dd57c70b1efbfc585eb6e4d9149aeb917f5fd96503c50dc70e2,source_bloodmnist,source_bloodmnist,shared,0.0,True,0.01,2,shared|source_bloodmnist
6,3,octmnist,5,5,69461726fee37ff24980f685565583d61dd7f66c245f152dbcfafce1e1fa2da7,source_pneumoniamnist,source_pneumoniamnist,shared,0.01250004768371582,False,0.01,1,source_pneumoniamnist
6,3,octmnist,5,6,4d0a89bef0ab56831c8c99232ddebff5df29d2a24ab23da8bb19bf5ed02343f7,source_tissuemnist,source_tissuemnist,source_bloodmnist,0.0,True,0.01,2,source_bloodmnist|source_tissuemnist
6,3,octmnist,5,7,9570d82620c868d778f39d2dc3b26c54ffe30142826b6035fde7378320bed80b,source_bloodmnist,source_bloodmnist,shared,0.0,True,0.01,3,shared|source_bloodmnist|source_organmnist
6,3,octmnist,5,8,8def1613fcaad96a2eed36d4f54dcddc52f68292cf9a533ee653a33ec5fb86bf,source_bloodmnist,source_bloodmnist,source_pathmnist,0.012499988079071045,False,0.01,1,source_bloodmnist
6,3,octmnist,5,9,5666a7c4e03869151f7e33198c0e4db58f3f07b8a36fa6511644cb77800a134a,source_bloodmnist,source_bloodmnist,source_pathmnist,0.02499997615814209,False,0.01,1,source_bloodmnist
6,3,octmnist,16,0,d47067531ff5708e68ba5a4922dea3721560b246dbf10732b4e2db1deb33e228,source_tissuemnist,source_tissuemnist,source_bloodmnist,0.07500004768371582,False,0.01,1,source_tissuemnist
6,3,octmnist,16,1,43e6cd491c0d72e2ab04c5556214039422c33ff96b27c9385debe3ec3190156e,source_bloodmnist,source_bloodmnist,source_pathmnist,0.0,True,0.01,2,source_bloodmnist|source_pathmnist
6,3,octmnist,16,2,8699965147f05441d07d0e09f1706cd651c29fa01ac206e025519bd3dd226c3e,source_bloodmnist,source_bloodmnist,shared,0.0,True,0.01,3,shared|source_bloodmnist|source_tissuemnist
6,3,octmnist,16,3,039d6dc2864562b4eececf0c98dbf156882cfae291d6f4c7ba422b514882d8e0,source_bloodmnist,source_bloodmnist,shared,0.050000011920928955,False,0.01,1,source_bloodmnist
6,3,octmnist,16,4,d4e921268a8404c8139240151a84379649ef8e0d4e5c1cfd6f57126f8abaa1e5,source_bloodmnist,source_bloodmnist,source_tissuemnist,0.0,True,0.01,3,source_bloodmnist|source_pneumoniamnist|source_tissuemnist
6,3,octmnist,16,5,5f6a41e7d264e8588a400c8196971047cbe2fb0dad79495f819a8720443f7391,shared,shared,source_tissuemnist,0.012499988079071045,False,0.01,1,shared
6,3,octmnist,16,6,c32d98e1d35a9632df40495d29c264afbc43d8e631daabb1a736b77afce8ec60,source_tissuemnist,source_tissuemnist,source_organmnist,0.037499964237213135,False,0.01,1,source_tissuemnist
6,3,octmnist,16,7,be0fc63fb44ff2f1079987b45c13b85e35cc747eb26cbc16892e257d071749b1,source_bloodmnist,source_bloodmnist,source_pneumoniamnist,0.01250004768371582,False,0.01,1,source_bloodmnist
6,3,octmnist,16,8,de281c2a81b1fdbb289e2ebe4b466cfa64af954e099804b7220efc4bea71b507,source_tissuemnist,source_tissuemnist,source_bloodmnist,0.03750002384185791,False,0.01,1,source_tissuemnist
6,3,octmnist,16,9,39465f6fae08070635d47e6fffd7b867fc98f67af88e8376caf182f8c4e4b9a0,source_bloodmnist,source_bloodmnist,source_organmnist,0.0,True,0.01,2,source_bloodmnist|source_organmnist
6,4,breastmnist,1,0,e5c3ad119bf21c10fb9ceec972096b96f6801a9eab947ddf3401082fae93adf6,source_tissuemnist,source_tissuemnist,source_organmnist,0.025000035762786865,False,0.01,1,source_tissuemnist
6,4,breastmnist,1,1,41a5b3c60827ba187026d6109c1f0295df2db6bcc541a5bccb62695f1dc4d1bb,shared,shared,source_organmnist,0.050000011920928955,False,0.01,1,shared
6,4,breastmnist,1,2,f9030a2920394634fcfa3744cb9e540f766d2edce0de0fe553dc0ce2bb707d0c,source_pneumoniamnist,source_pneumoniamnist,source_bloodmnist,0.0,True,0.01,2,source_bloodmnist|source_pneumoniamnist
6,4,breastmnist,1,3,fd9bef33405cf5948c613bab7c4112dd6992f58f7a6064f084b82e6e9592ecce,source_tissuemnist,source_tissuemnist,source_pneumoniamnist,0.0,True,0.01,3,source_organmnist|source_pneumoniamnist|source_tissuemnist
6,4,breastmnist,1,4,cb57d4f618544f8d32770cb059b9c5ccf4a4f894259830adc31dd9b301960537,source_organmnist,source_organmnist,shared,0.025000035762786865,False,0.01,1,source_organmnist
6,4,breastmnist,1,5,4147cb92b4770bc46b4b9c688a771f10309b5d0ef75e4f7b77ae6c807925da6f,source_organmnist,source_organmnist,source_tissuemnist,0.050000011920928955,False,0.01,1,source_organmnist
6,4,breastmnist,1,6,19aeb4fa84bd49079813bb076d38e800aa72b9cb188ae54c36aac72b31c97405,source_bloodmnist,source_bloodmnist,source_pathmnist,0.02499997615814209,False,0.01,1,source_bloodmnist
6,4,breastmnist,1,7,6aa18787fab48613dbbbe84a94f6520858c40233730be9678d4f46a634fee15c,source_pathmnist,source_pathmnist,source_pneumoniamnist,0.02499997615814209,False,0.01,1,source_pathmnist
6,4,breastmnist,1,8,e9368b2d0f7d005b6a793e1f1f74adc6f1adf16dc52d596cd4896f0e63e7e1c8,source_bloodmnist,source_bloodmnist,source_tissuemnist,0.025000005960464478,False,0.01,1,source_bloodmnist
6,4,breastmnist,1,9,18b2febe95a27710b86b40bda2ecfb6fe9c33fedec28c5992849580d3d012f5f,source_pathmnist,source_pathmnist,source_bloodmnist,0.0,True,0.01,3,shared|source_bloodmnist|source_pathmnist
6,4,breastmnist,5,0,31ed776caf4f09c4c927ab268ff200ec7998d9d4d2c3f88c8cd3785b0915750f,source_organmnist,source_organmnist,source_bloodmnist,0.0,True,0.01,2,source_bloodmnist|source_organmnist
6,4,breastmnist,5,1,98b28c19552531c716f96374752b4e755b01880472debfb8124d309393dbf3c6,source_tissuemnist,source_tissuemnist,shared,0.0,True,0.01,2,shared|source_tissuemnist
6,4,breastmnist,5,2,be566ef759dfef65b8ff7bccbcd55f8770482f2e42ea19e355b2734718680ac3,source_pathmnist,source_pathmnist,source_bloodmnist,0.0,True,0.01,2,source_bloodmnist|source_pathmnist
6,4,breastmnist,5,3,0c6ee7e22acd60e41d5b51d36ae391da36215bb8af7aaf8a70ee51b0f3f6f0c6,source_tissuemnist,source_tissuemnist,source_bloodmnist,0.10000002384185791,False,0.01,1,source_tissuemnist
6,4,breastmnist,5,4,775a3341e2fb89b0447a57e45d0bfa5b82c935fd6edf4da52bfd159d4469eb75,source_organmnist,source_organmnist,source_bloodmnist,0.025000035762786865,False,0.01,1,source_organmnist
6,4,breastmnist,5,5,9b2fc7c0d1422c5f368fcb5a584560766b11cc2661368184f1bd7a9a1f38e085,source_tissuemnist,source_tissuemnist,source_pathmnist,0.0,True,0.01,2,source_pathmnist|source_tissuemnist
6,4,breastmnist,5,6,bdac58c993b4f40878657495d63e9c1b14f1da9722fc44ef819091b9ee504cb4,shared,shared,source_organmnist,0.025000035762786865,False,0.01,1,shared
6,4,breastmnist,5,7,2bc7248ff5e1ddbc97a77b1c42305f500d09c0ec739e12f73d43e59db1f82f3e,source_tissuemnist,source_tissuemnist,source_organmnist,0.025000035762786865,False,0.01,1,source_tissuemnist
6,4,breastmnist,5,8,b3f8b19a2e6c0b23607ab48951fabf7d8f6d44fb0d0728b3b4613ad2de1028a6,source_tissuemnist,source_tissuemnist,source_pathmnist,0.0,True,0.01,2,source_pathmnist|source_tissuemnist
6,4,breastmnist,5,9,634fc3849e3250ebd59f2dcc949e12cdef99f3d7caeb3829ac570899daf68cdd,source_tissuemnist,source_tissuemnist,shared,0.0,True,0.01,3,shared|source_pneumoniamnist|source_tissuemnist
6,4,breastmnist,16,0,b85301f3df8904a9b1e46d953f4f8f2a5a2005fef7c5a28f05a0ed51c2dfdd68,shared,shared,source_bloodmnist,0.02499997615814209,False,0.01,1,shared
6,4,breastmnist,16,1,a9f9e1fd56585525b8d5985d909a0d382aa576659170a96121da64a653f3183f,source_organmnist,source_organmnist,source_tissuemnist,0.0,True,0.01,2,source_organmnist|source_tissuemnist
6,4,breastmnist,16,2,10d582ef2a36221df058d697192774afb18f4ea147d6e54da0d603f12bd7286c,source_tissuemnist,source_tissuemnist,source_organmnist,0.0,True,0.01,3,shared|source_organmnist|source_tissuemnist
6,4,breastmnist,16,3,f209905e6e2a1fc58858131f4505ccd04777213c6ccf845f5f01163bcdfb20be,source_bloodmnist,source_bloodmnist,source_pathmnist,0.0,True,0.01,2,source_bloodmnist|source_pathmnist
6,4,breastmnist,16,4,2ba6f8ff5e4d724d63814d9ff730fbc660ad0beb57818562dd7e6360148d08bd,shared,shared,source_organmnist,0.0,True,0.01,4,shared|source_bloodmnist|source_organmnist|source_tissuemnist
6,4,breastmnist,16,5,fd477abcbc096faf45064168b9b73c11d3f16dbb5e4e847f5d3d1154a21458f3,source_tissuemnist,source_tissuemnist,source_pathmnist,0.050000011920928955,False,0.01,1,source_tissuemnist
6,4,breastmnist,16,6,a1db79d239e0fbd592263529a7252a14790ce87c431e3583a4ee830c25e195b7,source_pathmnist,source_pathmnist,source_tissuemnist,0.02499997615814209,False,0.01,1,source_pathmnist
6,4,breastmnist,16,7,4d9aeb10ed7693b57f46d54ac529d8b7384a85fae0727ffb95c9ec97b883ec6c,source_pneumoniamnist,source_pneumoniamnist,shared,0.02499997615814209,False,0.01,1,source_pneumoniamnist
6,4,breastmnist,16,8,571353817cadf8a7e07eda8594fbb4fa674cb127a8dec69aa8963d7dca54f6eb,source_organmnist,source_organmnist,source_bloodmnist,0.025000035762786865,False,0.01,1,source_organmnist
6,4,breastmnist,16,9,6253fd5e1fe774174eab063f59aab4682b56b3446c98041d0f04487fcea6108f,source_organmnist,source_organmnist,source_pathmnist,0.0,True,0.01,2,source_organmnist|source_pathmnist
6,4,octmnist,1,0,f8b05e93c3b9ea01fb4b03c103ee7670679ac2c3929bed48b806caa7a87bc182,source_bloodmnist,source_bloodmnist,source_pneumoniamnist,0.012500017881393433,False,0.01,1,source_bloodmnist
6,4,octmnist,1,1,71772dc7de558e34eb43fdb7749499f84c7ba90584a3cc6e4bee665d63c86148,source_tissuemnist,source_tissuemnist,source_pathmnist,0.050000011920928955,False,0.01,1,source_tissuemnist
6,4,octmnist,1,2,1b01fe0d9fb5c7c6b7f8cc806676ee85b4c38293e3ba0b75f7c1bea05ef50b1a,source_tissuemnist,source_tissuemnist,shared,0.012499988079071045,False,0.01,1,source_tissuemnist
6,4,octmnist,1,3,8996bbea0c7c751c834439b608e3008efaf7699e1c4d3c51c7cde5e215bd143c,source_tissuemnist,source_tissuemnist,source_bloodmnist,0.0,True,0.01,3,source_bloodmnist|source_organmnist|source_tissuemnist
6,4,octmnist,1,4,8bf9e9933e2d452fbe5541fd366fe683dd792e4e844894ccedf90f7bfdb1ae66,source_organmnist,source_organmnist,shared,0.03749999403953552,False,0.01,1,source_organmnist
6,4,octmnist,1,5,bcfe3081c74b15eabae1bdc4ac2619693bf57896fb0c572100f14a78e35db453,source_tissuemnist,source_tissuemnist,source_pneumoniamnist,0.09999999403953552,False,0.01,1,source_tissuemnist
6,4,octmnist,1,6,78153d6dd7edbb827fb5e7e325925858503ce71b1e40cb37684ab3c5d91fb585,source_bloodmnist,source_bloodmnist,source_pathmnist,0.0,True,0.01,3,source_bloodmnist|source_organmnist|source_pathmnist
6,4,octmnist,1,7,39f327cd253d533961270fe63c13cd2d18951eee543c9a6ae5ff9a7e09c45854,source_pneumoniamnist,source_pneumoniamnist,source_tissuemnist,0.0,True,0.01,2,source_pneumoniamnist|source_tissuemnist
6,4,octmnist,1,8,95696f8eed8c286b657ca57859194d2559471bcfd19f1117a4388d0f372aedda,source_tissuemnist,source_tissuemnist,source_organmnist,0.025000005960464478,False,0.01,1,source_tissuemnist
6,4,octmnist,1,9,eda3e87bc359b0998a1f2ecf98dfe656631654d4ac5a663cd1604e8f9dd718e9,source_tissuemnist,source_tissuemnist,source_pneumoniamnist,0.050000011920928955,False,0.01,1,source_tissuemnist
6,4,octmnist,5,0,d6b61a0633ea2c64a35c7d4f056cf7ceac2eceea70ecadc272010c1f6e632b96,source_bloodmnist,source_bloodmnist,source_tissuemnist,0.012500017881393433,False,0.01,1,source_bloodmnist
6,4,octmnist,5,1,4f61941006cc7591b8e78c87ebd948d2b05f11987d4f8980785753e08cc75fe4,source_bloodmnist,source_bloodmnist,source_pneumoniamnist,0.03750002384185791,False,0.01,1,source_bloodmnist
6,4,octmnist,5,2,bd90db2bcbd3acf093992f890019b0b70c7bd060cccd6689c1d5101b67a6a904,source_bloodmnist,source_bloodmnist,source_pneumoniamnist,0.0,True,0.01,2,source_bloodmnist|source_pneumoniamnist
6,4,octmnist,5,3,561ada7a3f68ec04687999713be711e6749c3a6c27d7dd9a2ea0f02fef67ec80,source_tissuemnist,source_tissuemnist,source_pneumoniamnist,0.0,True,0.01,2,source_pneumoniamnist|source_tissuemnist
6,4,octmnist,5,4,cfa841e7aa8f174be4af9397bab4388978f7e68d862f0d79902c3963596a0d57,source_bloodmnist,source_bloodmnist,source_pathmnist,0.012500017881393433,False,0.01,1,source_bloodmnist
6,4,octmnist,5,5,036fb668089be485b1a2bc07faf82ac5c3486b8bafe29ea97cfda667b2cbc2df,source_bloodmnist,source_bloodmnist,source_pathmnist,0.025000035762786865,False,0.01,1,source_bloodmnist
6,4,octmnist,5,6,df5afc31c1ee9046f6403b578cec65c7c63eb71bbb76f4074725426288fc11f8,source_tissuemnist,source_tissuemnist,source_pathmnist,0.03749999403953552,False,0.01,1,source_tissuemnist
6,4,octmnist,5,7,c6dc1fbb4fd6c6df5b0935dae8a4e283ab489dc4fd9539ac10b7815c37bb107c,source_tissuemnist,source_tissuemnist,source_bloodmnist,0.025000005960464478,False,0.01,1,source_tissuemnist
6,4,octmnist,5,8,4104a3180a33cac02d02bc58fc82803c8ab6dbfc7f88131f35f345facd5db7f5,shared,shared,source_tissuemnist,0.012499988079071045,False,0.01,1,shared
6,4,octmnist,5,9,008bd21cf5878fd8233ee879665f81f677785699e80d9a557903024dd7bfa340,source_bloodmnist,source_bloodmnist,source_pathmnist,0.012499988079071045,False,0.01,1,source_bloodmnist
6,4,octmnist,16,0,93b382a822f15b3d6acd4920c26d267f09e851245733ef79c043132a42a1133e,source_bloodmnist,source_bloodmnist,source_tissuemnist,0.025000035762786865,False,0.01,1,source_bloodmnist
6,4,octmnist,16,1,eec7611c6f05322bb623a97a9d5aaa8a8614792806b9046df722c5e948d62587,source_pathmnist,source_pathmnist,source_bloodmnist,0.025000005960464478,False,0.01,1,source_pathmnist
6,4,octmnist,16,2,a65bc8f2c939d5ba9abf3febd5a0d86c07f2bf942b553d44a823484057f60b37,source_bloodmnist,source_bloodmnist,source_pneumoniamnist,0.012499988079071045,False,0.01,1,source_bloodmnist
6,4,octmnist,16,3,36a40519e321e01185c9602957e3748b04987e430ec0452552d83fee4f26e417,source_bloodmnist,source_bloodmnist,source_pneumoniamnist,0.01250004768371582,False,0.01,1,source_bloodmnist
6,4,octmnist,16,4,9bd0ac3684e8d98d62fc2c9eb4e9a716f191c0bf0367bd0b98a3d7846104c0dd,source_pathmnist,source_pathmnist,shared,0.012499988079071045,False,0.01,1,source_pathmnist
6,4,octmnist,16,5,aec22f3800d29161e7421ffe33187afceb05203c16a3c63684a3303af610d7f6,shared,shared,source_pathmnist,0.012499988079071045,False,0.01,1,shared
6,4,octmnist,16,6,d921955d64c45141672e5f74ce63967e7ddee3f4c779158df73aae6ca5c3bc5e,source_pneumoniamnist,source_pneumoniamnist,source_organmnist,0.012499988079071045,False,0.01,1,source_pneumoniamnist
6,4,octmnist,16,7,20e260755a18d8f1592c31ed4e55470b06f9ea2306d9b9032dbed55d206ea5ec,source_bloodmnist,source_bloodmnist,source_tissuemnist,0.0,True,0.01,2,source_bloodmnist|source_tissuemnist
6,4,octmnist,16,8,db5cab24a21370a8fd352b14d01d190ac36687f99c75288c218df0605809b6bf,source_tissuemnist,source_tissuemnist,source_bloodmnist,0.050000011920928955,False,0.01,1,source_tissuemnist
6,4,octmnist,16,9,7c7562151315144a3db7229d725e7e8cb56813566d3d1c1758b1d8ccc6615db2,source_bloodmnist,source_bloodmnist,source_pneumoniamnist,0.012499988079071045,False,0.01,1,source_bloodmnist
36,2,bloodmnist,1,0,2c5df2dfe6991d7ba5e81f12c40d81d1c55102deab1e6b536cb0d9bcedf96b9c,source_dermamnist,source_dermamnist,shared,0.03125,False,0.01,1,source_dermamnist
36,2,bloodmnist,1,1,47dadb207aef0e2ca235a778b65a117d8ff063908ea241d7305380aff95fd128,shared,shared,source_octmnist,0.012500017881393433,False,0.01,1,shared
36,2,bloodmnist,1,2,710f2b57d55c2bead07d1b74d487cdc6c8e49364ac2f6d82478292eb023b7b06,source_organmnist,source_organmnist,source_dermamnist,0.018749982118606567,False,0.01,1,source_organmnist
36,2,bloodmnist,1,3,dab5751c275e4ccd3cd8b0bdc3df331a738d28d1fad35c5e97e7ebd729644c0b,source_dermamnist,source_dermamnist,source_tissuemnist,0.04375001788139343,False,0.01,1,source_dermamnist
36,2,bloodmnist,1,4,97ae595c4c8939e80fac4621bcd4dc3f79a18e525123c497e139b6fe0bcdc6ad,source_dermamnist,source_dermamnist,shared,0.018750011920928955,False,0.01,1,source_dermamnist
36,2,bloodmnist,1,5,f104944d4b4fec644d462a55de53e987bddeb08da201b704062883face1d56a6,source_organmnist,source_organmnist,source_dermamnist,0.01874999701976776,False,0.01,1,source_organmnist
36,2,bloodmnist,1,6,ecdd24a35d599c6e2b4bc939b70dc375b6adcaca375ea7073d68e629fab6bc96,shared,shared,source_organmnist,0.043749988079071045,False,0.01,1,shared
36,2,bloodmnist,1,7,f5105a61c1835a42613aa5d51df913279f220be8391a1539a7c29d2ad603e2dc,source_dermamnist,source_dermamnist,source_breastmnist,0.012500017881393433,False,0.01,1,source_dermamnist
36,2,bloodmnist,1,8,8b18fc6315a8a7bd2d773892d06911164978f39b3dfabc0daa0a2dfe9f63ad17,source_dermamnist,source_dermamnist,source_tissuemnist,0.00625002384185791,False,0.01,2,source_dermamnist|source_tissuemnist
36,2,bloodmnist,1,9,a99c731ac2a30b0e6236ff1d778f14f6ec9205db5ea0cfc5b4f8585ee2ddac6d,source_dermamnist,source_dermamnist,shared,0.043749988079071045,False,0.01,1,source_dermamnist
36,2,bloodmnist,5,0,4d803b762adbd371268a06f1253b217191bced21fcd322e73cd5ce8a041e66e1,source_organmnist,source_organmnist,source_octmnist,0.0,True,0.01,2,source_octmnist|source_organmnist
36,2,bloodmnist,5,1,2ecb7c9b60a0e308a64a18632e57a771034d15ab14172f6790dad043cadbc8d0,shared,shared,source_dermamnist,0.018750011920928955,False,0.01,1,shared
36,2,bloodmnist,5,2,fff74b9b84f77df55cbd1cac9211bd188bdd85a1746fe8969c46417b9e2630f6,source_dermamnist,source_dermamnist,source_octmnist,0.025000035762786865,False,0.01,1,source_dermamnist
36,2,bloodmnist,5,3,735016b6f943cc499e8b0ec7c641a4d320df993951de36718781386a04c9bcb0,source_breastmnist,source_breastmnist,source_organmnist,0.012499988079071045,False,0.01,1,source_breastmnist
36,2,bloodmnist,5,4,9fea3fa29504e45eadee922e29a03e905a63fa8983cd2bca7a8b30abc03217ae,source_organmnist,source_organmnist,source_dermamnist,0.00625002384185791,False,0.01,2,source_dermamnist|source_organmnist
36,2,bloodmnist,5,5,a539cdc50917d2d1262babdf9fc1ec134e6ea49efdb52cd33ab382becf68e58a,source_octmnist,source_octmnist,source_dermamnist,0.012499988079071045,False,0.01,1,source_octmnist
36,2,bloodmnist,5,6,52909ef4e20458c9bb44fff8d47ce765be12f2076b6aeea6dbee44b4bf9a0094,source_organmnist,source_organmnist,source_dermamnist,0.0,True,0.01,4,shared|source_dermamnist|source_octmnist|source_organmnist
36,2,bloodmnist,5,7,f0ddb54917e60f71cdbe0dce020467ea7c372a41ac29a12c2b95c081fc996691,source_organmnist,source_organmnist,source_dermamnist,0.05625000596046448,False,0.01,1,source_organmnist
36,2,bloodmnist,5,8,5bb1ebd924f8f82b5ebe46dca8959d17388f5cbad13516b4c0eba6d9eb6cf8d6,shared,shared,source_dermamnist,0.00625002384185791,False,0.01,2,shared|source_dermamnist
36,2,bloodmnist,5,9,dccdc9581acef72045a5aade0dad0c839117a77351c7697a9f41311c76158567,source_dermamnist,source_dermamnist,source_tissuemnist,0.0,True,0.01,2,source_dermamnist|source_tissuemnist
36,2,bloodmnist,16,0,4ab15500350bea98af5a0335b90014ddb76e70616ac0d42f55e61f8b4ec13951,source_organmnist,source_organmnist,source_octmnist,0.018750011920928955,False,0.01,1,source_organmnist
36,2,bloodmnist,16,1,7fdd5278c0f25fa7b74bcd58d47e977cc2243ff4bc670e218e11c2cfcc4a7ecd,source_organmnist,source_organmnist,shared,0.025000035762786865,False,0.01,1,source_organmnist
36,2,bloodmnist,16,2,c492c6f7c6b924d6fbc5b1cc451216098675a673d641640e38977c66e792af86,source_organmnist,source_organmnist,shared,0.01250004768371582,False,0.01,1,source_organmnist
36,2,bloodmnist,16,3,533cab04bbcfc3891fa92c84f227ef30040da679b1240ec746ff0cb502f58005,source_dermamnist,source_dermamnist,source_octmnist,0.018750011920928955,False,0.01,1,source_dermamnist
36,2,bloodmnist,16,4,16f41f0f2f322e45d0be599d275be9e3062c6a1457c8c215cb69f2b715b34895,source_tissuemnist,source_tissuemnist,shared,0.012499988079071045,False,0.01,1,source_tissuemnist
36,2,bloodmnist,16,5,b4dd5af91dec39c47f89be15f9d6516667606591e0580ca35cf5f70ea00604c9,source_tissuemnist,source_tissuemnist,source_organmnist,0.00625002384185791,False,0.01,2,source_organmnist|source_tissuemnist
36,2,bloodmnist,16,6,64e2df5831ab496f4a43209933667b09beeaf1ea837cd04767d298645fde6d1c,source_dermamnist,source_dermamnist,shared,0.00625002384185791,False,0.01,2,shared|source_dermamnist
36,2,bloodmnist,16,7,930494d27d859a3b25e7e8ca472baf131421af9a8268b92ed77c2b45a71a82ad,source_organmnist,source_organmnist,source_tissuemnist,0.018750011920928955,False,0.01,1,source_organmnist
36,2,bloodmnist,16,8,d863a1be647b848abf0e85014fb389856535990e7e1d924473caffeb5c0eebd6,source_dermamnist,source_dermamnist,source_organmnist,0.012499988079071045,False,0.01,1,source_dermamnist
36,2,bloodmnist,16,9,05ce33a8191018b0ad8e8a6690615e112e7bdcf1580ef306c239d8dc669fe3a9,source_organmnist,source_organmnist,source_dermamnist,0.0,True,0.01,5,shared|source_breastmnist|source_dermamnist|source_organmnist|source_tissuemnist
36,2,pathmnist,1,0,aaa7ddf0f93b099455d8c80874eb701f0e5ac66755771cdf49ca012033265262,source_octmnist,source_octmnist,source_organmnist,0.0,True,0.01,2,source_octmnist|source_organmnist
36,2,pathmnist,1,1,78ed84e6d5bf7ec58a20bf64d31d9ac72c39023d95fb28cd88eb972dfea557fd,source_tissuemnist,source_tissuemnist,shared,0.005555540323257446,False,0.01,2,shared|source_tissuemnist
36,2,pathmnist,1,2,e477f6911530ce115d11f4b8bf66543c91e6197311bb8d41dd764aa245f54b2f,source_organmnist,source_organmnist,source_octmnist,0.02222222089767456,False,0.01,1,source_organmnist
36,2,pathmnist,1,3,c82280979e30a7d2f6904435ab5c7b2737b0c8e3974e128bbedf118ca8e1c295,shared,shared,source_organmnist,0.011111140251159668,False,0.01,1,shared
36,2,pathmnist,1,4,16bbdf20de6814624d0ec0f6e49d356d585c0526c11269b42ea79c5ca6b37e36,source_tissuemnist,source_tissuemnist,source_octmnist,0.016666680574417114,False,0.01,1,source_tissuemnist
36,2,pathmnist,1,5,d4da8416ae23a2c1779a5e497791faf1d77068262af4ea766e3dfb7010d57e12,source_organmnist,source_organmnist,shared,0.005555570125579834,False,0.01,2,shared|source_organmnist
36,2,pathmnist,1,6,ff65e920dab7360a4bd7404bd0632fbaab57c885b91ab736ee63db7f55dfe8e3,shared,shared,source_octmnist,0.022222250699996948,False,0.01,1,shared
36,2,pathmnist,1,7,9b57e0c513ce551e6af304559251375cb77dea7f7fe93d72f3bc25b242867817,shared,shared,source_octmnist,0.02222222089767456,False,0.01,1,shared
36,2,pathmnist,1,8,9f24a360bd3270fca946172d1b3b94447e282ed575b0e6148e8631ed5de6144c,shared,shared,source_organmnist,0.016666650772094727,False,0.01,1,shared
36,2,pathmnist,1,9,85092252ec7f6c6b5e3d3f148ada0e72aae3018cd301b6b2cf3c7eb1a0db2a88,source_tissuemnist,source_tissuemnist,source_octmnist,0.011111080646514893,False,0.01,1,source_tissuemnist
36,2,pathmnist,5,0,fcad487c0df8de93d5e6da34f7e5fd8bf416992fe05e05a3bd7cd0633d0af8e0,shared,shared,source_octmnist,0.0,True,0.01,2,shared|source_octmnist
36,2,pathmnist,5,1,f6d8db5d7c22f4de787a316f3586d760cb8a7722882c8787b723ddae1d188840,source_organmnist,source_organmnist,shared,0.03333336114883423,False,0.01,1,source_organmnist
36,2,pathmnist,5,2,fba1baaf9ff413c37059eab651fcb73f6cd6eb605ebf674f8a4b0c005b246346,source_octmnist,source_octmnist,shared,0.02222222089767456,False,0.01,1,source_octmnist
36,2,pathmnist,5,3,ece1f506a15a86e0b3e09ec002fe8e4f1c246136147ec45b5a11cd9cb5f845e0,shared,shared,source_organmnist,0.005555570125579834,False,0.01,2,shared|source_organmnist
36,2,pathmnist,5,4,8211056370ca686349640cab7a90c46e5e60a8c870f7ef3d4bd701b4867d6e9e,shared,shared,source_octmnist,0.03888887166976929,False,0.01,1,shared
36,2,pathmnist,5,5,71d97262af03a8722eec8cff311d5d73c77ba7a8a83f93a5bd50db9a45ca10d1,source_organmnist,source_organmnist,source_octmnist,0.005555570125579834,False,0.01,2,source_octmnist|source_organmnist
36,2,pathmnist,5,6,2a3bf6b79c869c256b80b2b606c2b5bf9147172ad172c54044dbb87ddc697b83,shared,shared,source_organmnist,0.005555510520935059,False,0.01,3,shared|source_octmnist|source_organmnist
36,2,pathmnist,5,7,903646400e4a33429cee3baf9a8459dd4ffa5e6bab5badc5348b995e684be8be,source_octmnist,source_octmnist,shared,0.016666650772094727,False,0.01,1,source_octmnist
36,2,pathmnist,5,8,4a4be798f62096e09ef5484a8376248da58444bed3a82410c44771a71cdc0a50,source_organmnist,source_organmnist,source_octmnist,0.005555510520935059,False,0.01,3,source_dermamnist|source_octmnist|source_organmnist
36,2,pathmnist,5,9,9acead6c95101451d34b966f8ae85d9eb01ad00dccc0236258622d976f55d9a2,shared,shared,source_breastmnist,0.0,True,0.01,3,shared|source_breastmnist|source_octmnist
36,2,pathmnist,16,0,0e90c5f6364217a54f4b5849e7cd17076a50fb6d0810569439a73d67eeb81f3d,source_octmnist,source_octmnist,source_organmnist,0.04444444179534912,False,0.01,1,source_octmnist
36,2,pathmnist,16,1,73a9af29da57cbbad86084c6cc7a60c6bee73953cda2b439091fa75f59e85ce7,source_octmnist,source_octmnist,shared,0.016666650772094727,False,0.01,1,source_octmnist
36,2,pathmnist,16,2,d569af925b18185c665bdf82e6a29e9f5750105e3829eaf7b5602af00ec5f990,source_organmnist,source_organmnist,source_octmnist,0.005555570125579834,False,0.01,2,source_octmnist|source_organmnist
36,2,pathmnist,16,3,64f14e13455c34953832443a66586caf456a040037c4148396fe5f1054bd7483,shared,shared,source_octmnist,0.005555570125579834,False,0.01,2,shared|source_octmnist
36,2,pathmnist,16,4,728aa561e74e4e84d35ce848d902920b9ace39441e6e2f3963055f7025b59a60,shared,shared,source_octmnist,0.011111080646514893,False,0.01,1,shared
36,2,pathmnist,16,5,490135961a881bfc3eb6de1dd00c9c2a253037353fd18def0e31eaf9d7e04bd0,source_organmnist,source_organmnist,source_octmnist,0.011111080646514893,False,0.01,1,source_organmnist
36,2,pathmnist,16,6,b52181b90dbb2ebcaca4eedbd543ad61c5b51e6fd21c2af4dd3280b768bc9dc3,shared,shared,source_octmnist,0.0,True,0.01,3,shared|source_breastmnist|source_octmnist
36,2,pathmnist,16,7,d8de3692a465f371c57a313909448581b149faa2cd0d1ed647950dc48961501c,source_octmnist,source_octmnist,shared,0.02222222089767456,False,0.01,1,source_octmnist
36,2,pathmnist,16,8,43568b14d205d542a3b60773acb4d85052e13a62cf776e8201eebde19971ea43,source_tissuemnist,source_tissuemnist,shared,0.016666710376739502,False,0.01,1,source_tissuemnist
36,2,pathmnist,16,9,dfb78c31eeec80f3b60859b3c47bc48ca90a013ea258c8c29ee73a3b925c182c,source_octmnist,source_octmnist,source_organmnist,0.005555570125579834,False,0.01,2,source_octmnist|source_organmnist
36,3,bloodmnist,1,0,26abe1dc5ab27818fb99e238857b6475637ccfd69b9791b1a37bcd1e7f9fee62,source_tissuemnist,source_tissuemnist,source_breastmnist,0.0,True,0.01,3,shared|source_breastmnist|source_tissuemnist
36,3,bloodmnist,1,1,6a41d894ac41427f4843c4ddda452928e244d3775d0240f1ce012b2e44cf25d0,source_tissuemnist,source_tissuemnist,source_dermamnist,0.0,True,0.01,2,source_dermamnist|source_tissuemnist
36,3,bloodmnist,1,2,8ccd36e9f12020161afd3c2e74baf7fe93af40a0d2e68ad226df91c00e74547b,shared,shared,source_organmnist,0.0,True,0.01,4,shared|source_octmnist|source_organmnist|source_tissuemnist
36,3,bloodmnist,1,3,31e9de127869fae7964d68e1864ac3d87bc36a037c7a092f8e147afdd58ee287,source_organmnist,source_organmnist,source_tissuemnist,0.03125,False,0.01,1,source_organmnist
36,3,bloodmnist,1,4,11dd41a6f1d97d599f3395cd35c9ce009c97d4a15142838118d0a571f0b276e9,source_tissuemnist,source_tissuemnist,source_dermamnist,0.0062499940395355225,False,0.01,2,source_dermamnist|source_tissuemnist
36,3,bloodmnist,1,5,817fe103052d439fb2253a0e37c4eecbb5aa6337ad1add4fdd64cfc41974d16a,shared,shared,source_tissuemnist,0.0625,False,0.01,1,shared
36,3,bloodmnist,1,6,50ea2bcea263bcec4843b6c8735ff9622229a90dc3b77d9f28c8dfaca56ce87e,shared,shared,source_organmnist,0.025000005960464478,False,0.01,1,shared
36,3,bloodmnist,1,7,ed679ab66e1101b52b56aad50e994b309f47f8c6ba228f6dab3989ea0dea4ef8,source_dermamnist,source_dermamnist,shared,0.0062499940395355225,False,0.01,2,shared|source_dermamnist
36,3,bloodmnist,1,8,f5885e0de0ddea53992f1ed17b2423c5b0db8801fa25006c993abe44f4887e51,source_dermamnist,source_dermamnist,shared,0.012499988079071045,False,0.01,1,source_dermamnist
36,3,bloodmnist,1,9,649ad2db033881c55b63ae12acd6cc33d652509261ca363557d8d793257c54fc,shared,shared,source_tissuemnist,0.0,True,0.01,2,shared|source_tissuemnist
36,3,bloodmnist,5,0,6e180e355b8faa7f8205c71cef546494a1f2cbb061c01ea3ae26c0569de87c7f,source_dermamnist,source_dermamnist,shared,0.006249964237213135,False,0.01,3,shared|source_dermamnist|source_organmnist
36,3,bloodmnist,5,1,1c2bbf0a9b76a343441d81213e0521a579f321555d789c9984e8e4a927199517,source_breastmnist,source_breastmnist,source_organmnist,0.018750011920928955,False,0.01,1,source_breastmnist
36,3,bloodmnist,5,2,b9afbd3377412b36c6cca3b94da37b17899f395a04b76f00eef61d8d1df6c8ff,shared,shared,source_dermamnist,0.0,True,0.01,3,shared|source_dermamnist|source_organmnist
36,3,bloodmnist,5,3,0597b08c661a440b0d80c7ca85451972252e7d496e5e8edac40a68a020e4166a,source_dermamnist,source_dermamnist,source_breastmnist,0.018750011920928955,False,0.01,1,source_dermamnist
36,3,bloodmnist,5,4,ad45eeab78d654f091ab7be46dc56491691ea7c4f994ba1e6f44231924313997,shared,shared,source_dermamnist,0.0,True,0.01,4,shared|source_dermamnist|source_octmnist|source_organmnist
36,3,bloodmnist,5,5,90b0595c83c7b2fdf557260d8f145be9fd9031c89a3b25c582783d81f4b27fe5,shared,shared,source_organmnist,0.05625000596046448,False,0.01,1,shared
36,3,bloodmnist,5,6,729fe63039490d65a356ab7360d6bfeee312ab94c3493831f56ede261b094ba4,source_breastmnist,source_breastmnist,shared,0.0062499940395355225,False,0.01,3,shared|source_breastmnist|source_tissuemnist
36,3,bloodmnist,5,7,dbb0ef421aeb5858f36d12992e8db223a6f481081fea283b445c17ecbd36ddcb,source_tissuemnist,source_tissuemnist,shared,0.012499988079071045,False,0.01,1,source_tissuemnist
36,3,bloodmnist,5,8,17a4c340e2304e0e7bbb77bd3bfdfd99006eede4479626839ac1a1181528f6da,source_organmnist,source_organmnist,source_breastmnist,0.00625002384185791,False,0.01,2,source_breastmnist|source_organmnist
36,3,bloodmnist,5,9,690732458b59535902fe307db80980ae905cd8f20a3f0e86065f6123bff3d934,source_organmnist,source_organmnist,shared,0.012499988079071045,False,0.01,1,source_organmnist
36,3,bloodmnist,16,0,20227510b0ab07199e022e76c18cfd0d08ec0f369587849f87d02507ed623dff,source_breastmnist,source_breastmnist,source_octmnist,0.0,True,0.01,2,source_breastmnist|source_octmnist
36,3,bloodmnist,16,1,be8eba67d033b2bb88827d4802443e1049b4d925095dc5634a1c8eab1830a240,shared,shared,source_organmnist,0.006249964237213135,False,0.01,2,shared|source_organmnist
36,3,bloodmnist,16,2,e0be3a7a3796441aab5eb27209d709827efe17e618aafb618b5de766c9e8a4e2,source_tissuemnist,source_tissuemnist,source_octmnist,0.0,True,0.01,3,source_octmnist|source_organmnist|source_tissuemnist
36,3,bloodmnist,16,3,d6847876e3fa5836c3c2c3939343266a55af713dbffd441b373d36a7db7d4499,source_organmnist,source_organmnist,source_tissuemnist,0.03750002384185791,False,0.01,1,source_organmnist
36,3,bloodmnist,16,4,865c5e8ac369e9d63e594d5c43dc714c71432c9b395b62e305408bd15f797797,shared,shared,source_organmnist,0.012499988079071045,False,0.01,1,shared
36,3,bloodmnist,16,5,cd5609d6c8b087f3994e3b11bed83135db00fa6d49d73efd4f85195d26fc6999,source_organmnist,source_organmnist,source_breastmnist,0.012499988079071045,False,0.01,1,source_organmnist
36,3,bloodmnist,16,6,28518c7c2b039f63a044e354f9bfc01f6666592c541b00aec203f60b421abe47,source_tissuemnist,source_tissuemnist,source_dermamnist,0.00625002384185791,False,0.01,3,source_dermamnist|source_octmnist|source_tissuemnist
36,3,bloodmnist,16,7,1ff2b4eb138bb4e01c7502ac36901481069e04689e0d80690f1a6e20b5442ce2,source_tissuemnist,source_tissuemnist,source_octmnist,0.03125,False,0.01,1,source_tissuemnist
36,3,bloodmnist,16,8,22b030faf8368fca36440da1f9dc3a2f68a29b51fa74710178f65fdb9e66dfe5,source_breastmnist,source_breastmnist,source_octmnist,0.0,True,0.01,2,source_breastmnist|source_octmnist
36,3,bloodmnist,16,9,147d2f83f992772043839f4a20e5a8bcd3200a6a9c4896cca3fa0fa79c0994f8,shared,shared,source_organmnist,0.03125,False,0.01,1,shared
36,3,pathmnist,1,0,33fc73464a5f321c69730ca14b1392e0c1bfc01e26dfe4aa1a4ce42b97626962,source_organmnist,source_organmnist,source_octmnist,0.0,True,0.01,3,shared|source_octmnist|source_organmnist
36,3,pathmnist,1,1,61d4893b8fb7abac6aa789eb8d5fcfb9ded6192b3637bdaea9d3dc54e2889766,source_organmnist,source_organmnist,shared,0.005555570125579834,False,0.01,2,shared|source_organmnist
36,3,pathmnist,1,2,52304ddb5cbc014e9c637a2281398db2132da527aa3cea89b7d29ecb5682b8a7,source_dermamnist,source_dermamnist,source_organmnist,0.02777773141860962,False,0.01,1,source_dermamnist
36,3,pathmnist,1,3,020fb5b47ac39c8d0a798a42c9824108b25d7d3675c65a01fe036c28e3d7d7ab,source_organmnist,source_organmnist,source_breastmnist,0.005555570125579834,False,0.01,2,source_breastmnist|source_organmnist
36,3,pathmnist,1,4,9312622b58d0025eec32b918f6b1e9a6f51d5b64e93517c80a309516da53c6e8,source_octmnist,source_octmnist,source_organmnist,0.0,True,0.01,2,source_octmnist|source_organmnist
36,3,pathmnist,1,5,62feca8d5ddcd3a3180c705050d0064237b74c89c672648e42b318ff18b40327,source_octmnist,source_octmnist,shared,0.027777791023254395,False,0.01,1,source_octmnist
36,3,pathmnist,1,6,bebdcf8fd30af5d0e45e4fd170b3b9cfc0d1de0bcc6188b3365f192da0bc517f,source_dermamnist,source_dermamnist,source_octmnist,0.011111080646514893,False,0.01,1,source_dermamnist
36,3,pathmnist,1,7,c19f58fcbe391b4462b74bed7390d7756294e9df1a206e8f47fa66839ac4c5f6,source_organmnist,source_organmnist,source_dermamnist,0.038888901472091675,False,0.01,1,source_organmnist
36,3,pathmnist,1,8,c98a24fb311d09990e20448d5099ea75fcd9ee1c82bd584cd53bc7877ba0d8e1,source_dermamnist,source_dermamnist,source_octmnist,0.07777777314186096,False,0.01,1,source_dermamnist
36,3,pathmnist,1,9,29c68060f4b2f12356061027c256c5f33a5e480f8d186a85f090b6df5b7f7288,shared,shared,source_tissuemnist,0.0,True,0.01,2,shared|source_tissuemnist
36,3,pathmnist,5,0,707a6fb0d3335dd48c0e44c0737ac085dcac35ee2b5d861f2be5de2da91ad8b2,source_octmnist,source_octmnist,source_organmnist,0.011111140251159668,False,0.01,1,source_octmnist
36,3,pathmnist,5,1,ed805029f281901b9d484d38a5024c58e5871e3c7f490b81f3901c842390254f,source_organmnist,source_organmnist,source_octmnist,0.005555570125579834,False,0.01,2,source_octmnist|source_organmnist
36,3,pathmnist,5,2,d5375e230325d628a1430bd4dad34cb2e8fcee10207a45b086c146655047464e,source_organmnist,source_organmnist,source_octmnist,0.011111080646514893,False,0.01,1,source_organmnist
36,3,pathmnist,5,3,702874b055dceb947da68c03f2bc9ff9a9591e199b56e4f18ecf732885c84a0e,source_organmnist,source_organmnist,source_octmnist,0.005555570125579834,False,0.01,2,source_octmnist|source_organmnist
36,3,pathmnist,5,4,3d87b069d6bd3c220028cd4f0b07a23e4279e9f5532dfeae4dfe0ae3db70b80f,source_organmnist,source_organmnist,source_octmnist,0.02777773141860962,False,0.01,1,source_organmnist
36,3,pathmnist,5,5,eb12d8c3db77935c52e332ae13a7aff2e80ce9cdc2f09f68af5ed68540f65d0a,source_octmnist,source_octmnist,source_dermamnist,0.005555510520935059,False,0.01,2,source_dermamnist|source_octmnist
36,3,pathmnist,5,6,14f4dc710d002405a1dcc45c0dbe24c26da3d366f9dd242e01a27b0e977dbab4,source_octmnist,source_octmnist,source_organmnist,0.04444444179534912,False,0.01,1,source_octmnist
36,3,pathmnist,5,7,a616a5595837a531cef469d04937fa612f6eb9dd36334cf98d05666bc64c6e1d,source_organmnist,source_organmnist,source_octmnist,0.005555570125579834,False,0.01,2,source_octmnist|source_organmnist
36,3,pathmnist,5,8,a7c0aa2f6c9fbf3abe808e8a86d2204c92a96681af7e42980a6e01ab8eca65db,source_organmnist,source_organmnist,shared,0.0,True,0.01,2,shared|source_organmnist
36,3,pathmnist,5,9,614075762e77b8fa0181d7cca6de79fb4810afdfbe0f6968a185d1ccf89bf208,shared,shared,source_organmnist,0.005555510520935059,False,0.01,2,shared|source_organmnist
36,3,pathmnist,16,0,6400b84ac326c941ba095b848feebd6e66441b3103d7a43580c8cb13c43814c1,shared,shared,source_octmnist,0.011111140251159668,False,0.01,1,shared
36,3,pathmnist,16,1,b9c33981cca7d0c9a790ac39b64feae6b6e2eb2a555639fd865e9071d2936fb6,source_organmnist,source_organmnist,shared,0.005555510520935059,False,0.01,2,shared|source_organmnist
36,3,pathmnist,16,2,73341071c34b7270f7cb7ea907ba7778e047e20fe53e0f27201f4f9044ebf5a6,shared,shared,source_octmnist,0.0,True,0.01,2,shared|source_octmnist
36,3,pathmnist,16,3,8d26ee668e898d29e0da76771ad14aec106951a642aab32e8a9331e75be4af6c,shared,shared,source_organmnist,0.027777791023254395,False,0.01,1,shared
36,3,pathmnist,16,4,8c6fde61a3ecc7a71a216aa21401d5eba47bdf9a6c0a1951cb8eae070076afbe,source_octmnist,source_octmnist,shared,0.03333336114883423,False,0.01,1,source_octmnist
36,3,pathmnist,16,5,814d3ddab8299762134b58025c869d62889624a838046e12e9e2face79cf921c,source_octmnist,source_octmnist,source_breastmnist,0.03888893127441406,False,0.01,1,source_octmnist
36,3,pathmnist,16,6,4e884b55a817d27cb3b352e4283345124e97f0f815eadb2f309c835e93860d61,shared,shared,source_octmnist,0.016666650772094727,False,0.01,1,shared
36,3,pathmnist,16,7,ec41fc7be0b480092d36b5dfa1abff3871e5bfd2c370a2e636c3425be6a63ecc,source_organmnist,source_organmnist,source_octmnist,0.005555510520935059,False,0.01,2,source_octmnist|source_organmnist
36,3,pathmnist,16,8,b352c658140a2824deb4cc560a85da6f2756ba7ae09aaabd584d57f84dc0954d,source_organmnist,source_organmnist,source_octmnist,0.005555570125579834,False,0.01,2,source_octmnist|source_organmnist
36,3,pathmnist,16,9,76cf3778ccd12648e0d81af09414d2dd685e7d527265895695649a2bbeec6c2f,source_octmnist,source_octmnist,source_organmnist,0.011111080646514893,False,0.01,1,source_octmnist
36,4,bloodmnist,1,0,4610af09f562f140d87284058a352faf96b71e9f9d3f7232a22c79075f78752f,source_dermamnist,source_dermamnist,source_organmnist,0.03749999403953552,False,0.01,1,source_dermamnist
36,4,bloodmnist,1,1,62e30082e8f438c817037a251ffe26d24ab676186849b3dd7af8db4c4094f213,source_dermamnist,source_dermamnist,source_breastmnist,0.012499988079071045,False,0.01,1,source_dermamnist
36,4,bloodmnist,1,2,890253192eb923192917371fd24fa02298799af73c155b304148905c530b492c,source_organmnist,source_organmnist,source_dermamnist,0.012499988079071045,False,0.01,1,source_organmnist
36,4,bloodmnist,1,3,f27e1457f91f1f522090ceea2771e1029c5f4af0e39f95dc0c63e6b82c2edca9,source_tissuemnist,source_tissuemnist,source_breastmnist,0.018749982118606567,False,0.01,1,source_tissuemnist
36,4,bloodmnist,1,4,36b1734b0dd7a954f95a8485d84928c90a45214c192b0667e5731ea325252881,shared,shared,source_tissuemnist,0.00625002384185791,False,0.01,2,shared|source_tissuemnist
36,4,bloodmnist,1,5,becbd6de0e3d756406d0a94532ef2cf66bf7b68b7a974c75b8fa5a53fd04a492,source_dermamnist,source_dermamnist,shared,0.0062499940395355225,False,0.01,2,shared|source_dermamnist
36,4,bloodmnist,1,6,56314ffbd0d09b38fe30f34b9c35850edfdbcedc5f76f1db5be78e6180613b07,source_octmnist,source_octmnist,source_breastmnist,0.0,True,0.01,3,source_breastmnist|source_octmnist|source_tissuemnist
36,4,bloodmnist,1,7,a5a8be24cd0d7d386d044728846f77e5beb77e31a84cc33ff63546ff52d260c0,source_dermamnist,source_dermamnist,source_tissuemnist,0.0062499940395355225,False,0.01,2,source_dermamnist|source_tissuemnist
36,4,bloodmnist,1,8,13b2cbb42c92d410c8982103311bf76c4e4124268ae6723a9b91a49cc338d15d,source_octmnist,source_octmnist,shared,0.012499988079071045,False,0.01,1,source_octmnist
36,4,bloodmnist,1,9,f4d59d1466e6a446ae216591295901b212dadc79fa10c0fecc46c51cc346b196,source_dermamnist,source_dermamnist,shared,0.012499988079071045,False,0.01,1,source_dermamnist
36,4,bloodmnist,5,0,423658ba16418d7d4d526f12c95104f89a6481d11fccb255a19319033e6d67b1,source_tissuemnist,source_tissuemnist,source_dermamnist,0.00625002384185791,False,0.01,3,source_breastmnist|source_dermamnist|source_tissuemnist
36,4,bloodmnist,5,1,eb1b7419c17858489c08de948047e3942b6796ba0551204bd0a05a8b76372f37,shared,shared,source_dermamnist,0.012499988079071045,False,0.01,1,shared
36,4,bloodmnist,5,2,d5d96b97dc7d69bed9f98d5b3a32525a54a093d93022a7c07ded016bdb6d0789,source_dermamnist,source_dermamnist,source_organmnist,0.012499988079071045,False,0.01,1,source_dermamnist
36,4,bloodmnist,5,3,eb754b569b3944fb6e5368af87cc1594b56b2d875b6b435a35b3812332b8c109,source_organmnist,source_organmnist,source_tissuemnist,0.006249964237213135,False,0.01,3,source_octmnist|source_organmnist|source_tissuemnist
36,4,bloodmnist,5,4,f8386847ac89ef8070c5cd23fa8a4394db7bdb9873b01879747d3d812fe03e6a,source_octmnist,source_octmnist,source_dermamnist,0.018750011920928955,False,0.01,1,source_octmnist
36,4,bloodmnist,5,5,1e3781ecd2e62b9855f36b30ad270b7abe966dac1d7ce4f40870f00b33ec87ab,source_organmnist,source_organmnist,source_tissuemnist,0.0,True,0.01,3,source_dermamnist|source_organmnist|source_tissuemnist
36,4,bloodmnist,5,6,242506f29f13db8b77b3d0e4f6cd3667463b730a7f805d6179f7e38830a3908d,source_dermamnist,source_dermamnist,shared,0.012499988079071045,False,0.01,1,source_dermamnist
36,4,bloodmnist,5,7,61746ece9853035dd08c86db90975d37ad26ac4c4004b4b115f20050de9ab75b,source_breastmnist,source_breastmnist,source_organmnist,0.006249964237213135,False,0.01,2,source_breastmnist|source_organmnist
36,4,bloodmnist,5,8,9e1bc0ce65d0b72e2e8a30106c74dcd369975df0d0eed629f83af21538401aa5,source_octmnist,source_octmnist,source_dermamnist,0.00625002384185791,False,0.01,2,source_dermamnist|source_octmnist
36,4,bloodmnist,5,9,a0948b6a5bef7968ca036b8f9ae38e0356c23e99dbcdd353abbfc6e0c3820afa,source_octmnist,source_octmnist,source_organmnist,0.00625002384185791,False,0.01,2,source_octmnist|source_organmnist
36,4,bloodmnist,16,0,f3c341eeaeb0db7b18a7ed48cfa2a5fb4e90eddce52d439e9b72ca726437fb64,source_octmnist,source_octmnist,source_dermamnist,0.025000035762786865,False,0.01,1,source_octmnist
36,4,bloodmnist,16,1,7b5a73336c89ed078633823c200269d67b60e9e810c5d4e0ea2847ecb71f568b,source_breastmnist,source_breastmnist,source_octmnist,0.0,True,0.01,2,source_breastmnist|source_octmnist
36,4,bloodmnist,16,2,cdcc3146ab0a74d6e673444a89ac54ecc972ed7d7a1baedb4ce3f0d75d8bc076,source_dermamnist,source_dermamnist,source_breastmnist,0.0,True,0.01,2,source_breastmnist|source_dermamnist
36,4,bloodmnist,16,3,3ec74d7bd96bea65b164b58ed5284938105f11dd85add5f319182b927541c4d8,source_organmnist,source_organmnist,source_octmnist,0.018750011920928955,False,0.01,1,source_organmnist
36,4,bloodmnist,16,4,bef2d6aecff674a2b6ab015156c95fbb44cb3f4a859f397e278d0ec389ef4c34,source_dermamnist,source_dermamnist,shared,0.025000035762786865,False,0.01,1,source_dermamnist
36,4,bloodmnist,16,5,a70e13b902ff0dff574e76b98f7f5f6f6bfee6600d47e3f52c643946159aa6b7,source_breastmnist,source_breastmnist,source_octmnist,0.012499988079071045,False,0.01,1,source_breastmnist
36,4,bloodmnist,16,6,abd50a1ded2d22c070cfe9802b2a56d2a9f8c6b41c036e4903f0bdc553154291,source_organmnist,source_organmnist,source_breastmnist,0.006249964237213135,False,0.01,2,source_breastmnist|source_organmnist
36,4,bloodmnist,16,7,115753f7401d12adaaf5354c433da662308caa26986f57f35a572171d157db61,source_organmnist,source_organmnist,source_dermamnist,0.00625002384185791,False,0.01,4,source_breastmnist|source_dermamnist|source_octmnist|source_organmnist
36,4,bloodmnist,16,8,2468b8d86e9869eb6ac417da364f36fd5669ff7b7101c96d6f51c4b28c4521ca,source_dermamnist,source_dermamnist,source_octmnist,0.006249964237213135,False,0.01,2,source_dermamnist|source_octmnist
36,4,bloodmnist,16,9,9b4e78ee7f208da08e60bddae8b73ed1cf6008eeb7ae37fbbc9c52a104bcc2c7,shared,shared,source_organmnist,0.03125,False,0.01,1,shared
36,4,pathmnist,1,0,ba699fd8a4b327c3d6581e41aedc2ebd8c85bcb128868ad501b0118e31d7f32d,shared,shared,source_organmnist,0.016666710376739502,False,0.01,1,shared
36,4,pathmnist,1,1,dad789b03cac8e1fe1368e9aa61a975a32d24dd7610252c37886cab2d9c234e8,shared,shared,source_organmnist,0.03888893127441406,False,0.01,1,shared
36,4,pathmnist,1,2,80f353c3a86abe6e6192648491c803c858d8f0b544b78421e1d947de42c76d52,shared,shared,source_organmnist,0.011111080646514893,False,0.01,1,shared
36,4,pathmnist,1,3,31093aa091730c2e4b209b2459066e662b8f7bd8d597e58f4fa43d00d15e35d0,source_tissuemnist,source_tissuemnist,source_octmnist,0.0,True,0.01,2,source_octmnist|source_tissuemnist
36,4,pathmnist,1,4,f71df81684aa59613ed9f6614046280b2c06e3b0f6c50475b898d85f01461d39,shared,shared,source_dermamnist,0.005555570125579834,False,0.01,2,shared|source_dermamnist
36,4,pathmnist,1,5,ebbf3e6e482f70dcb00eb20d99b1206b1e3cf3aeac83ea8545978f098fd2bd6b,shared,shared,source_octmnist,0.016666650772094727,False,0.01,1,shared
36,4,pathmnist,1,6,c32636cff737d15de772cbe7246ec7de1281daa003512651212cba27a7742a66,source_octmnist,source_octmnist,shared,0.005555570125579834,False,0.01,2,shared|source_octmnist
36,4,pathmnist,1,7,6cfe5aad9f24a899f87c9fb75b3a177d3f09d7937ae4fa86b30537aa92181442,shared,shared,source_tissuemnist,0.027777791023254395,False,0.01,1,shared
36,4,pathmnist,1,8,24d6223a4edae48f400e544d6fb043d75215a0d8df7eb4f07d2c6c4d533ac93d,source_octmnist,source_octmnist,source_organmnist,0.0555555522441864,False,0.01,1,source_octmnist
36,4,pathmnist,1,9,2480a4994906ad4e24c5bc75831c9269a95e070fa33a4ec7201f318cedd3c77d,shared,shared,source_dermamnist,0.005555540323257446,False,0.01,2,shared|source_dermamnist
36,4,pathmnist,5,0,0a495b8ed80d8782509ae4d03efd42da032d2fe19df0e5f01640a8d34b38c44e,source_organmnist,source_organmnist,shared,0.005555570125579834,False,0.01,3,shared|source_breastmnist|source_organmnist
36,4,pathmnist,5,1,78b2e0cd4892b08c09b4c00fe1e8d72d6640e7808500c5e3ed80e4923c09256f,shared,shared,source_octmnist,0.0,True,0.01,2,shared|source_octmnist
36,4,pathmnist,5,2,eed540687778862619710ce71788a214963a6d9ff06330f70a211d98fd6aeb18,shared,shared,source_octmnist,0.011111080646514893,False,0.01,1,shared
36,4,pathmnist,5,3,c016dc6dd44be9606af43e6631365ef2f825a7907a8a9eed71e8de2ea8012d00,shared,shared,source_organmnist,0.011111140251159668,False,0.01,1,shared
36,4,pathmnist,5,4,3241206e756082c254c70e60bfb7a6380db78950b5247fd56d29a4ad74076c51,source_organmnist,source_organmnist,source_breastmnist,0.016666650772094727,False,0.01,1,source_organmnist
36,4,pathmnist,5,5,ff4f1e771e307dd75cb3bd9db5cf8d74f8f36ce1acc7569b21ec199c0fbc27b5,source_organmnist,source_organmnist,shared,0.005555570125579834,False,0.01,2,shared|source_organmnist
36,4,pathmnist,5,6,1594fcd4c01d2ef2e057549daca04cb9676b47ba1df6078d2dca7809b04b468f,shared,shared,source_organmnist,0.011111140251159668,False,0.01,1,shared
36,4,pathmnist,5,7,902ffa26333e7bb8e487da773a8e07af19c7951f860cd516d98b39fa3d72e72d,shared,shared,source_organmnist,0.0,True,0.01,4,shared|source_dermamnist|source_octmnist|source_organmnist
36,4,pathmnist,5,8,f756551aefc85dea6807734c1877d341a45f610ccdf9fa978601302f166874aa,source_octmnist,source_octmnist,shared,0.005555570125579834,False,0.01,3,shared|source_breastmnist|source_octmnist
36,4,pathmnist,5,9,584a3ab9b7707c860a010cc112a0257582c7ca51d860a4390700b1464303b59a,shared,shared,source_organmnist,0.03333336114883423,False,0.01,1,shared
36,4,pathmnist,16,0,af8d2a2faecd12141cd72281dc30bc306694dc769f87d92294f9d52e999960f5,source_octmnist,source_octmnist,source_organmnist,0.027777791023254395,False,0.01,1,source_octmnist
36,4,pathmnist,16,1,5da81391d49bb006cc237a744ff5de0aafeed57f10e9bd838cc2d9667a2e5aac,source_tissuemnist,source_tissuemnist,source_organmnist,0.011111140251159668,False,0.01,1,source_tissuemnist
36,4,pathmnist,16,2,8ba6c5aecb8819c0265c4b7cbd6956953ce3d863127842adc3c536b56ac37d2a,shared,shared,source_organmnist,0.03888887166976929,False,0.01,1,shared
36,4,pathmnist,16,3,caf3783e6d18af169f8e09f0cc5cb49c0c2cf9e468b28bd165df1b850186c4cf,source_organmnist,source_organmnist,shared,0.005555510520935059,False,0.01,2,shared|source_organmnist
36,4,pathmnist,16,4,9f26fca464729c55544544bae52097be26353903852df8811add3ca9b9fcff87,source_octmnist,source_octmnist,source_organmnist,0.04999995231628418,False,0.01,1,source_octmnist
36,4,pathmnist,16,5,fcf6081d395d5c69715e67843e75d805918c48e48130efa2e76b8c9658072f25,shared,shared,source_octmnist,0.0,True,0.01,3,shared|source_octmnist|source_organmnist
36,4,pathmnist,16,6,7ed50cd256ebb081bc9b043313f37f28521196e2c9190a70c6df699cbdb3c770,shared,shared,source_tissuemnist,0.011111080646514893,False,0.01,1,shared
36,4,pathmnist,16,7,076ff3d80ca59710657632f783426959d51c8538b838a3390bfbd5e9582428cf,source_breastmnist,source_breastmnist,source_organmnist,0.005555510520935059,False,0.01,3,source_breastmnist|source_organmnist|source_tissuemnist
36,4,pathmnist,16,8,eb547f51b2a6b71507ddd665b524a5038cb41b439beebca01201f84ce669b210,shared,shared,source_octmnist,0.0,True,0.01,3,shared|source_breastmnist|source_octmnist
36,4,pathmnist,16,9,a9f5536c04e010988af4350f7947513aea0ca45df1c14deb14435cba3f871171,source_breastmnist,source_breastmnist,shared,0.005555510520935059,False,0.01,4,shared|source_breastmnist|source_dermamnist|source_organmnist
